movie_title,year,person,name ,lat,lon,page,media,neighborhood,rating,pic
*batteries not included,1987,Matthew Robbins,E. 5th St.<br>East Village<br>Manhattan,40.7224453,-73.97865057,190,Film,East Village,6.6,
12 Angry Men,1957,Sidney Lumet,New York County Courthouse<br>40 Foley Square<br>Lower Manhattan,40.7137,-74.0079,40,Film,Lower Manhattan,8.9,
13 Going on 30,2004,Gary Winick,W. 47th St. and Seventh Ave.<br>Times Square<br>Manhattan,40.75922049,-73.98462117,239,Film,Times Square,6.1,
15 Minutes,2001,John Herzfeld,E. 60-66th St. and Madison Ave.<br>Upper East Side<br>Manhattan,40.7661,-73.9696,82,Film,Upper East Side,6.1,
25th Hour,2002,Spike Lee,World Trade Center<br>Lower Manhattan,40.71179263,-74.01232839,93,Film,Lower Manhattan,7.7,
25th Hour,2002,Spike Lee,Carl Schurz Park<br>Upper East Side<br>Manhattan,40.77506559,-73.94312739,209,Film,Upper East Side,7.7,
A Perfect Murder,1998,Andrew Davis,Long Island City,40.74607025,-73.95038009,141,Film,Queens,6.5,
A Thousand Clowns,1965,Fred Coe,Statue of Liberty<br>Liberty Island<br>New York Harbor,40.68958731,-74.04379606,51,Film,New York Harbor,7.6,
Across the Sea of Time,1997,Stephen Low,New York Harbor,40.69899091,-74.03849602,,Film,New York Harbor,6.7,
After Hours,1985,Martin Scorsese,Mercer and Grand<br>SoHo<br>Manhattan,40.7213,-74.0015,154,Film,SoHo,7.7,
Alice,1990,Woody Allen,E. 95th St. off Madison Ave.<br>Upper East Side<br>Manhattan,40.7866,-73.9547,224,Film,Upper East Side,6.6,
American Psycho,2000,Mary Harron,Chinatown<br>Manhattan,40.71621654,-73.99808049,140,Film,Chinatown,7.6,
An Unmarried Woman,1978,Paul Mazursky,Mercer St. between Spring and Broome<br>SoHo<br>Manhattan,40.72255913,-74.00029063,152-153,Film,SoHo,7.2,
Annie Hall,1977,Woody Allen,Coney Island<br>Brooklyn,40.57360922,-73.97596836,136,Film,Brooklyn,8.1,
Annie Hall,1977,Woody Allen,Pier 11<br>Manhattan,40.70420461,-74.0060252,121,Film,Lower Manhattan,8.1,
Annie Hall,1977,Woody Allen,Foot of 59th St. Bridge<br>Upper East Side<br>Manhattan,40.75780643,-73.95962834,,Film,Midtown,8.1,
Annie Hall,1977,Woody Allen,E. 68th St. between Park Ave. and Madison Ave.<br>Upper East Side<br>Manhattan,40.76890676,-73.96660209,114,Film,Upper East Side,8.1,
Annie Hall,1977,Woody Allen,W. 95th St.<br>Upper West Side<br>Manhattan,40.79163797,-73.96653771,222,Film,Upper West Side,8.1,
Arthur,1981,Steve Gordon,Bergdorf's at 754 Fifth Ave.<br>Midtown<br>Manhattan,40.763334,-73.973891,,Film,Midtown,6.9,
As Good As It Gets,1997,James L. Brooks,Sixth Ave. between 11th St. and 12th St.<br>West Village<br>Manhattan,40.7354051,-73.99831653,206,Film,West Village,7.7,
Barefoot in the Park,1967,Gene Saks,Washington Square Park<br>West Village<br>Manhattan,40.7307223,-73.99651408,74-75,Film,West Village,7,
Barefoot in the Park,1967,Gene Saks,Greenwich St. and Christopher St.<br>Greenwich Village<br>Manhattan,40.73311252,-74.00741458,74-75,Film,SoHo,7,
Basquiat,1996,Julian Schnabel,Lower East Side<br>Manhattan,40.71818443,-73.98885369,187,Film,Lower East Side,6.9,
Bed of Roses,1996,Michael Goldenberg,Chelsea,40.74324155,-74.00196433,231,Film,Chelsea,6.1,
BIG,1988,Penny Marshall,F.A.O. Schwarz at 767 Fifth Ave.<br>Midtown<br>Manhattan,40.764053,-73.972978,162-163,Film,Midtown,7.3,
Blue in the Face,1995,"Paul Auster,Wayne Wang",Prospect Park West and 16th St.<br>Windsor Terrace<br>Brooklyn,40.65749448,-73.97406936,177,Film,Brooklyn,6.7,
Breakfast at Tiffany's,1961,Blake Edwards,Tiffany & Co. at 727 Fifth Ave.<br>Midtown<br>Manhattan,40.76251,-73.974142,49,Film,Midtown,7.7,
Breakfast at Tiffany's,1961,Blake Edwards,E. 71st St.<br>Upper East Side<br>Manhattan,40.77136061,-73.96643043,48,Film,Upper East Side,7.7,
Breakfast at Tiffany's,1961,Blake Edwards,Central Park Mall<br>Manhattan,40.77321313,-73.97127986,48,Film,Central Park,7.7,
Broadway Danny Rose,1984,Woody Allen,Carnegie Deli at 854 Seventh Ave.<br>Midtown<br>Manhattan,40.764073,-73.981288,158,Film,Midtown,7.5,
Cagney & Lacey,1982-1988,"Barbara Avedon,Barbara Corday,(more)",Howard Beach<br>Queens,40.66553541,-73.8412571,256,TV,Queens,6.8,
Center Stage,2000,Nicholas Hytner,American Ballet Theater<br>890 Broadway<br>Manhattan,40.738641,-73.989774,215,Film,Midtown,6.7,
Chasing Amy,1997,Kevin Smith,269 E. Houston St.<br>Lower East Side<br>Manhattan,40.721516,-73.984616,188,Film,Lower East Side,7.3,
Chelsea Walls,2001,Ethan Hawke,Chelsea Hotel on W. 23rd St.<br>Chelsea<br>Manhattan,40.744287,-73.996497,242,Film,Midtown,5.1,
Clockers,1995,Spike Lee,Gowanus Houses<br>Brooklyn,40.6841528,-73.98804903,178,Film,Brooklyn,6.9,
Coogan's Bluff,1968,Don Siegel,Fort Tryon Park<br>Manhattan,40.85946031,-73.93408298,95,Film,Fort George,6.5,
Cotton Comes to Harlem,1970,Ossie Davis,Harlem,40.80650084,-73.93928647,100,Film,Harlem,6.6,
Crocodile Dundee,1986,Peter Faiman,Fifth Ave. and 53rd St.<br>Midtown<br>Manhattan,40.7604,-73.9758,133,Film,Midtown,6.5,
Crocodile Dundee II,1988,John Cornell,"Chambers St. near Centre St.<br>Lower Manhattan
",40.713452,-74.004373,162,Film,SoHo,5.5,
Crooklyn,1994,Spike Lee,Stuyvesant Ave. and Macon St.<br>Brooklyn,40.6831114,-73.93205523,190,Film,Brooklyn,6.9,
Crossing Delancey,1988,Joan Micklin Silver,35 Essex St.<br>Lower East Side<br>Manhattan,40.71605,-73.989749,198,Film,Lower East Side,6.9,
Cruising,1980,William Friedkin,West Village<br>Manhattan,40.72898243,-74.0008378,144,Film,West Village,6.4,
Cruising,1980,William Friedkin,Central Park<br>Manhattan,40.77920907,-73.9711833,144,Film,Central Park,6.4,
Death to Smoochy,2002,Danny DeVito,Seventh Ave. and 48th St.<br>Times Square<br>Manhattan,40.7598,-73.9842,6/238,Film,Times Square,6.4,
Death Wish,1974,Michael Winner,Subway Station near Court St.<br>Brooklyn,40.6938,-73.9904,67,Film,Brooklyn,7,
Desperately Seeking Susan,1985,Susan Seidelman,St. Marks Place<br>East Village<br>Manhattan,40.729171,-73.98939,119,Film,East Village,5.9,
Desperately Seeking Susan,1985,Susan Seidelman,George Washington Bus Terminal<br>Manhattan,40.849284,-73.936966,156,Film,Fort George,5.9,
Die Hard: With a Vengeance,1995,John McTiernan,Central Park South<br>Manhattan,40.76705413,-73.97899389,80,Film,Central Park,7.6,
Do the Right Thing,1989,Spike Lee,Stuyvesant Ave.<br>Bedford-Stuyvesant<br>Brooklyn,40.68931072,-73.93328905,174-175,Film,Brooklyn,7.9,
Dog Day Afternoon,1972,Sidney Lumet,Prospect Park South and 16th St.<br>Brooklyn,40.6572503,-73.97421956,"4,63",Film,Brooklyn,8,
Downtown 81 / New York Beat Movie,1981,Edo Bertoglio,The Empire State Building<br>Midtown<br>Manhattan,40.74834612,-73.98488402,125,Film,Midtown,7.2,
Downtown 81 / New York Beat Movie,1981,Edo Bertoglio,Guggenheim Museum<br>Upper East Side<br>Manhattan,40.782972,-73.959376,125,Film,Upper East Side,7.2,
Eternal Sunshine of the Spotless Mind,2004,Michel Gondry,Orchard St. and Rivington St.<br>Lower East Side<br>Manhattan,40.7203,-73.9891,250-251,Film,Lower East Side,8.3,
Fame,1980,Alan Parker,High School of the Performing Arts<br>120 W. 46th St.<br>Manhattan,40.757566,-73.983047,115,Film,Times Square,6.6,
Fame,1980,Alan Parker,W. 59th St. and Tenth Ave.<br>Upper West Side<br>Manhattan,40.7704,-73.9876,122,Film,Upper West Side,6.6,
Ferry Tales,2003,Katja Esson,St. George Station<br>Staten Island,40.64456836,-74.072721,196-197,Film,Staten Island,7.8,
Force of Evil,1948,Abraham Polonsky,George Washington Bridge<br>Manhattan,40.84936524,-73.94247293,33,Film,Washington Heights,7.6,
Fort Apache the Bronx,1981,Daniel Petrie,A South Bronx rooftop<br>The Bronx,40.81744688,-73.90884876,126,Film,The Bronx,6.7,
Ghostbusters,1984,Ivan Reitman,Columbus Circle<br>Upper West Side<br>Manhattan,40.76812671,-73.98195505,181-183,Film,Upper West Side,7.8,
Ghostbusters,1984,Ivan Reitman,W. 66th St. and Central Park West<br>Upper West Side<br>Manhattan,40.7724,-73.9787,118,Film,Upper West Side,7.8,
Godspell,1973,David Greene,World Trade Center<br>Lower Manhattan,40.71226431,-74.01123941,72-73,Film,Lower Manhattan,6.5,
Godspell,1973,David Greene,Times Square<br>Manhattan,40.75931801,-73.98484647,72-73,Film,Times Square,6.5,
Godspell,1973,David Greene,Lincoln Center<br>Upper West Side<br>Manhattan,40.77230313,-73.98337662,72-73,Film,Upper West Side,6.5,
Godspell,1973,David Greene,Lincoln Center Plaza<br>Upper West Side<br>Manhattan,40.77335125,-73.98368776,72-73,Film,Upper West Side,6.5,
Godspell,1973,David Greene,Bethesda Fountain<br>Central Park<br>Manhattan,40.77436686,-73.97078633,72-73,Film,Central Park,6.5,
Godspell,1973,David Greene,Ramble<br>Central Park<br>Manhattan,40.77646303,-73.97097945,72-73,Film,Central Park,6.5,
Godspell,1973,David Greene,Under Triboro Bridge<br>Randalls Island,40.78457084,-73.92944813,72-73,Film,Randall's Island,6.5,
Godspell,1973,David Greene,Soldiers and Sailor's Monument<br>Riverside Park (at 89th St.)<br>Manhattan,40.79230402,-73.97877395,72-73,Film,Upper West Side,6.5,
Godzilla,1988,Roland Emmerich,Madison Square Garden<br>Midtown<br>Manhattan,40.75034558,-73.99149835,180,Film,Midtown,6.2,
Goodfellas,1990,Martin Scorsese,24-13 32nd St.<br>Astoria<br>Queens,40.77148249,-73.91521633,25,Film,Queens,8.7,
Green Card,1990,Peter Weir,W. 76th St & Columbus<br>Upper West Side<br>Manhattan,40.78,-73.9769,230,Film,Upper West Side,6.2,
Greetings,1968,Brian De Palma,39 Whitehall St.<br>Lower Manhattan,40.702951,-74.012777,71,Film,Lower Manhattan,5.8,
Hair,1979,Milos Forman,Sheep's Meadow<br>Central Park<br>Manhattan,40.77179937,-73.97488475,145,Film,Central Park,7.6,
Hannah and Her Sisters,1986,Woody Allen,Spring St. and Green St.<br>SoHo<br>Manhattan,40.7238,-74.0004,155,Film,SoHo,8,
Hannah and Her Sisters,1986,Woody Allen,W. 95th St. and West End Ave.<br>Upper West Side<br>Manhattan,40.7946,-73.9737,,Film,Upper West Side,8,
Hannah and Her Sisters,1986,Woody Allen,Metro Theatre (2626 Broadway)<br>Upper West Side<br>Manhattan,40.796766,-73.969947,241,Film,Upper West Side,8,
Heights,2005,Chris Terrio,Municipal Building<br>1 Centre St.<br>Lower Manhattan,40.71302062,-74.00337517,232,Film,Lower Manhattan,7,
Hitch,2005,Andy Tennant,Spring St. and Greene St.<br>SoHo<br>Manhattan,40.7238,-74.0004,226,Film,SoHo,6.6,
Hudson Hawk,1991,Michael Lehmann,Brooklyn Bridge,40.70310659,-73.99318814,131,Film,Brooklyn,6.3,
I Like It Like That,1994,Darnell Martin,170th St. in Morrisania<br>The Bronx,40.83870044,-73.91373038,129,Film,The Bronx,5.6,
I Shot Andy Warhol,1996,Mary Harron,W. 20th St. <br>Chelsea<br>Manhattan,40.74053466,-73.99303257,248,Film,Chelsea,6.8,
Inside Man,2006,Spike Lee,William St. and Wall St.<br>Lower Manhattan,40.7064,-74.0095,249,Film,Lower Manhattan,6.8,
It Could Happen to You,1994,Andrew Bergman,W. Broadway and N. Moore St.<br>TriBeCa<br>Manhattan,40.7197,-74.0059,191,Film,TriBeCa,6.8,
Jeremy,1973,Arthur Barron,Central Park<br>Manhattan,40.77474873,-73.97250831,108,Film,Central Park,7.8,
Jumpin' at the Boneyard,1992,Jeff Stanzler,Burned-out blocks in the Bronx,40.83438208,-73.91993165,128,Film,The Bronx,7.8,
Jungle Fever,1991,Spike Lee,Bensonhurst<br>Brooklyn,40.6019,-73.9938,203,Film,Brooklyn,6.5,
Jungle Fever,1991,Spike Lee,Strivers' Row<br>Harlem<br>Manhattan,40.81803961,-73.94421637,,Film,Harlem,6.5,
Kids,1995,Larry Clark,Washington Square Park<br>West Village<br>Manhattan,40.7310719,-73.99686277,79,Film,West Village,7,
Killer's Kiss,1957,Stanley Kubrick,Rooftops<br>Lower Manhattan,40.70821425,-74.01365876,44,Film,Lower Manhattan,6.7,
King Kong,1976,John Guillermin,World Trade Center<br>Lower Manhattan,40.71254894,-74.01477993,90-91,Film,Lower Manhattan,5.8,
Kissing Jessica Stein,2001,Charles Herman-Wurmfeld,E. 6th St.<br>East Village<br>Manhattan,40.7255,-73.984,210,Film,East Village,6.6,
Klute,1971,Alan J. Pakula,World Trade Center<br>Lower Manhattan,40.71126402,-74.01129305,89,Film,Lower Manhattan,7.2,
Klute,1971,Alan J. Pakula,Hell's Kitchen<br>Ninth Ave.<br>Manhattan,40.76160968,-73.99031281,104,Film,Midtown,7.2,
Klute,1971,Alan J. Pakula,123rd St.<br>Harlem<br>Manhattan,40.80091344,-73.93336952,62,Film,Harlem,7.2,
Kojak,1973-1978,"Abby Mann,(more)",60 Baxter St.<br>Lower Manhattan,40.715847,-74.000547,257,TV,Lower Manhattan,7.1,
Kojak,1973-1978,"Abby Mann,(more)",Lincoln Center<br>Upper West Side<br>Manhattan,40.77240875,-73.98376286,257,TV,Upper West Side,7.1,
Kramer vs. Kramer,1979,Robert Benton,P.S. 6 (45 E. 81st St.)<br>Upper East Side<br>Manhattan,40.777554,-73.960694,157,Film,Upper East Side,7.8,
Law & Order,1988- Today,"Dick Wolf,(more)",Worth St.<br>Lower Manhattan,40.7171,-74.0063,258-259,TV,Lower Manhattan,8.1,
Little Fugitive,1953,"Morris Engel,Ruth Orkin,(more)",Coney Island<br>Brooklyn,40.57463602,-73.98080707,45,Film,Brooklyn,7.6,
Little Manhattan,2005,Mark Levin,Christopher St. Station<br>Sheridan Square<br>Manhattan,40.73360844,-74.00279582,193,Film,West Village,7.6,
LUV,1967,Clive Donner,Manhattan Bridge<br>Brooklyn,40.70507488,-73.98961008,54,Film,Brooklyn,6,
Mad Hot Ballroom,2005,Marilyn Agrelo,Washington Heights<br>Harlem<br>Manhattan,40.83228774,-73.94633532,245,Film,Harlem,7.5,
Malcolm X,1992,Spike Lee,"Adjacent to Apollo Theater,<br>W. 125th St. between 7th and 8th Aves<br>Harlem, Manhattan",40.810038,-73.95045,102-103,Film,Harlem,7.7,
Man Push Cart,2005,Ramin Bahrani,Midtown<br>Manhattan,40.7552,-73.9733,245,Film,Midtown,7.1,
Manhattan,1979,Woody Allen,MoMA<br>W. 53rd St.<br>Manhattan,40.76113835,-73.97720218,123,Film,Midtown,8,
Marty,1955,Delbert Mann,The Bronx,40.839742,-73.880923,40,Film,The Bronx,7.7,
McCloud,1970-1977,"Lou Antonio,Jack Arnold,(more)",Manhattan,40.75728631,-74.00074124,256,TV,Midtown,6.9,
Mean Streets,1973,Martin Scorsese,Hester St. and Baxter St.<br>Little Italy<br>Manhattan,40.7185,-73.9988,186,Film,Lower Manhattan,7.4,
Men in Black,1997,Barry Sonnenfeld,Battery Park<br>Lower Manhattan,40.70435915,-74.01472628,132,Film,Lower Manhattan,7.3,
Men in Black,1997,Barry Sonnenfeld,MacDougal St.<br>SoHo<br>Manhattan,40.73164913,-73.99913192,132,Film,SoHo,7.3,
Men in Black,1997,Barry Sonnenfeld,Grand Central Station<br>87 E. 42nd St.<br>Manhattan,40.752412,-73.977979,132,Film,Midtown,7.3,
Men in Black,1997,Barry Sonnenfeld,Guggenheim Museum<br>E. 88th St. and Fifth Ave.<br>Manhattan,40.78257241,-73.95934939,207,Film,Upper East Side,7.3,
Midnight Cowboy,1969,John Schlesinger,1414 Broadway<br>Midtown<br>Manhattan,40.753767,-73.986866,235,Film,Midtown,7.9,
Midnight Cowboy,1968,John Schlesinger,Times Square<br>Manhattan,40.75819652,-73.98512006,234,Film,Times Square,7.9,
Mirage,1965,Edward Dmytryk,Fifth Ave. and 66th St.<br>Central Park<br>Manhattan,40.7687,-73.9698,51,Film,Central Park,7.5,
Mo' Better Blues,1990,Spike Lee,Brooklyn Bridge,40.70645752,-73.99727583,,Film,Brooklyn,6.6,
My Dinner with Andr‚,1991,Louis Malle,Subway ,40.71860728,-73.98836017,158,Film,Lower East Side,6.6,
New Jack City,1991,Mario Van Peebles,Grant's Tomb<br>Harlem<br>Manhattan,40.8127049,-73.96310449,,Film,Harlem,6.6,
"Next Stop, Greenwich Village",1975,Paul Mazursky,MacDougal St.<br>West Village<br>Manhattan,40.72936455,-74.00103629, 76-77,Film,West Village,6.9,
Nighthawks,1981,Bruce Malmuth,Roosevelt Island Tramway<br>Manhattan,40.75835906,-73.95694613,124,Film,Roosevelt Island,6.4,
No Way to Treat a Lady,1968,Jack Smight,New York City Bus<br>Manhattan,40.72268923,-73.98893952,,Film,Lower East Side,7.1,
No Way to Treat a Lady,1968,Jack Smight,Carmines<br>200 W. 44th St. <br>Manhattan,40.75736758,-73.98670793,,Film,Times Square,7.1,
North by Northwest,1959,Alfred Hitchcock,Grand Central Terminal<br>Midtown<br>Manhattan,40.75310896,-73.9769876,42,Film,Midtown,8.4,
On the Town,1949,"Stanley Donen,Gene Kelly",Little Italy<br>Manhattan,40.71813564,-73.99790883,36-37,Film,Lower East Side,7.6,
On the Waterfront,1954,Elia Kazan,"Hoboken, New Jersey<br>View of Manhattan",40.74712691,-74.02497768,40-41,Film,New York Harbor,8.2,
One Fine Day,1996,Michael Hoffman,Carnegie Deli<br>Seventh Ave. and W. 55th St.<br>Manhattan,40.7642,-73.981,244,Film,Midtown,6.5,
One Fine Day,1996,Michael Hoffman,Near Bethesda Fountain<br>Central Park<br>Manhattan,40.77426124,-73.97052348,147,Film,Central Park,6.5,
Other People's Money,1991,Norman Jewison,World Trade Center<br>Lower Manhattan,40.71292303,-74.01314914,92,Film,Lower Manhattan,6.1,
Pieces of April,2003,Peter Hedges,Lower East Side<br>Manhattan,40.72057,-73.985953,,Film,Lower East Side,7.1,
Plaza Suite,1971,Arthur Hiller,Rockefeller Center<br>600 Fifth Ave.<br>Manhattan,40.757603,-73.978101,,Film,Midtown,6.6,
Prime,2005,Ben Younger,Dean and Deluca<br>SoHo<br>Manhattan,40.725367,-73.999702,155,Film,SoHo,6.2,
Ragtime,1981,Milos Forman,E. 11th St. between Ave. A and Ave. B<br>East Village<br>Manhattan,40.72795799,-73.9806515,150,Film,East Village,7.3,
Report to the Commissioner,1975,Milton Katselas,Winter Garden Theater<br>1634 Broadway<br>Manhattan,40.761528,-73.983802,86-87,Film,Midtown,6.4,
Requiem for a Dream,2000,Darren Aronofsky,Coney Island Boardwalk<br>Brooklyn,40.57223197,-73.98395598,134-135,Film,Brooklyn,8.3,
Rosemary's Baby,1968,Roman Polanski,Fifth Ave. and E. 62nd St.<br>Upper East Side<br>Manhattan,40.7661,-73.9717,57,Film,Upper East Side,8,
Rosemary's Baby,1968,Roman Polanski,"The Dakota<br>72nd St. and Central Park West<br>Manhattan
",40.77639,-73.976069,69,Film,Upper West Side,8,
Rosemary's Baby,1968,Roman Polanski,"The Dakota<br>72nd St. and Central Park West<br>Manhattan
",40.77656053,-73.97615075,246,Film,Upper West Side,8,
Saturday Night Fever,1977,John Badham,4th Ave. and 86th St.<br>Bay Ridge<br>Brooklyn,40.6228,-74.0284,115,Film,Brooklyn,6.8,
Saturday Night Fever,1977,John Badham,Subway Car<br>Brooklyn,40.6260702,-73.9970237,115,Film,Brooklyn,6.8,
Searching for Bobby Fischer,1993,Steven Zaillian,Washington Square Park<br>West Village<br>Manhattan,40.7310719,-73.99928749,79,Film,West Village,7.5,
Serpico,1973,Sidney Lumet,"Williamsburg Tenaments<br>Brooklyn
",40.70757988,-73.96520197,60,Film,Brooklyn,7.8,
Sesame Street,1969-today,"Joan Ganz Cooney,(more)",Kaufman Astoria Studios<br>Astoria<br>Queens,40.757599,-73.923671,265,TV,Queens,8.2,
Sex and the City,1998-2004,"Darren Star,(more)",Magnolia Bakery<br>401 Bleecker St.<br>Manhattan,40.73580345,-74.00501668,267,TV,West Village,7,
Shadows,1959,John Cassavetes,MoMA<br>W. 53rd St.<br>Manhattan,40.7608458,-73.97647262,44,Film,Midtown,7.4,
Shaft,1971,Gordon Parks,Seventh Ave. and W. 42nd St.<br>Times Square<br>Manhattan,40.756,-73.987,106,Film,Times Square,5.9,
Shaft,2000,John Singleton,New York County Courthouse<br>60 Centre St.<br>Lower Manhattan,40.714451,-74.002329,214,Film,Lower Manhattan,6,
She's the One,1996,Edward Burns,McHales Pub<br>W. 46th and Eighth Ave.<br>Manhattan,40.75974059,-73.98754478,243,Film,Midtown,6,
Single White Female,1992,Barbet Schroeder,Ansonia Hotel<br>2109 Broadway<br>Manhattan,40.779956,-73.981881,170,Film,Upper West Side,6.3,
Six Degrees of Separation,1993,Fred Schepisi,Central Park<br>Manhattan,40.77150687,-73.9690429,146,Film,Central Park,6.9,
Six Degrees of Separation,1993,Fred Schepisi,Metropolitan Museum of Art<br>Fifth Ave. at 82nd St.,40.77907909,-73.96261096,168,Film,Upper East Side,6.9,
Sleepers,1996,Barry Levinson,"W. 47th St., near Pier 87<br>Manhattan",40.76461637,-73.99743676,151,Film,Midtown,6,
Sleepers,1996,Barry Levinson,"W. 47th St., near Pier 87<br>Manhattan",40.76474639,-73.99790883,151,Film,Midtown,6,
Smithereens,1982,Susan Seidelman,Lower East Side<br>Manhattan,40.71854,-73.98918,189,Film,Lower East Side,6.7,
Smoke,1995,Wayne Wang,Prospect Park and 16th St.<br>Windsor Terrace<br>Brooklyn,40.65725844,-73.97461116,176,Film,Brooklyn,7.4,
Sophie's Choice,1982,Alan J. Pakula,101 Rugby Rd.<br>Brooklyn,40.647334,-73.966373,179,Film,Brooklyn,7.7,
Spider-Man,2002,Sam Raimi,Midtown<br>Manhattan,40.7525888,-73.97975564,194,Film,Midtown,7.3,
Spider-Man,2002,Sam Raimi,Midtown<br>Manhattan,40.75668492,-73.97855401,194,Film,Midtown,7.3,
Spider-Man,2002,Sam Raimi,Sunnyside<br>Queens,40.74823233,-73.9139986,194,Film,Queens,7.3,
Splash,1984,Ron Howard,Pier 17<br>Manhattan,40.70468448,-74.00207162,131,Film,Lower Manhattan,6.2,
State of Grace,1990,Phil Joanou,Hell's Kitchen<br>Manhattan,40.76037446,-73.99125695,141,Film,Upper West Side,7.3,
Sugar Hill,1994,Leon Ichaso,Edgecomb Ave.<br>Harlem<br>Manhattan,40.82943024,-73.93964052,100-101,Film,Harlem,6.6,
Summer of Sam,1999,Spike Lee,"CBGB's <br>315 Bowery (at Bleecker)<br>East Village, Manhattan",40.725034,-73.992067,188,Film,SoHo,6.2,
Sweet Home Alabama,2002,Andy Tennant,Tiffany & Co.<br>727 Fifth Ave.<br>Manhattan,40.76279612,-73.97387624,212,Film,Midtown,6.1,
Sweet November,1968,Robert Ellis Miller,Remsen St. and Montague Terrace<br>Brooklyn Heights<br>Brooklyn,40.695,-73.9977,,Film,Brooklyn,8.2,
Sweet Smell of Success,1957,Alexandre Mackenrick,Manhattan ,40.75779831,-73.97556603,43,Film,Midtown,8.2,
Taxi Driver,1976,Martin Scorsese,E. 12th St. and Third Ave.<br>East Village<br>Manhattan,40.732,-73.9882,98-99,Film,East Village,8.3,
Taxi Driver,1976,Martin Scorsese,Bellmore Cafeteria<br>Park Ave. South and E. 28th St.<br>Manhattan,40.74335,-73.98405,120,Film,Midtown,8.3,
Taxi Driver,1976,Martin Scorsese,Columbus Ave. and E. 86th St.<br>Upper West Side<br>Manhattan,40.7865,-73.9722,112-113,Film,Upper West Side,8.3,
The Anderson Tapes,1971,Sidney Lumet,E. 91st St. and Fifth Ave.<br>Upper East Side<br>Manhattan,40.7847,-73.9581,130,Film,Upper East Side,6.4,
The April Fools,1969,Stuart Rosenberg,Marine Midlane Bank<br>140 Broadway<br>Lower Manhattan,40.708972,-74.010518,70,Film,Lower Manhattan,6.4,
The April Fools,1969,Stuart Rosenberg,Central Park<br>Manhattan,40.77326188,-73.9711082,142,Film,Central Park,6.4,
The Basketball Diaries ,1995,Scott Kalvert,Forest Hills,40.729403,-73.845455,199,Film,Queens,7.3,
The Bonfire of the Vanities,1990,Brian De Palma,E. 74th St. and Park Ave.<br>Upper East Side<br>Manhattan,40.77245,-73.9629,227,Film,Upper East Side,5.5,
The Brother from Another Planet,1984,John Sayles,Ellis Island<br>New York Harbor,40.69736408,-74.04119968,159,Film,New York Harbor,5,
The Brothers McMullen,1995,Edward Burns,W. 46th St. and Eighth Ave.<br>Midtown<br>Manhattan,40.7598,-73.9879,,Film,Midtown,6.6,
The Cotton Club,1984,Francis Ford Coppola,E. 6th St. between First Ave. & Ave. A<br>East Village<br>Manhattan,40.72597413,-73.9851898,,Film,East Village,7,
The Cowboy Way,1994,Gregg Champion,Manhattan Bridge,40.70940164,-73.99183095,83,Film,Lower Manhattan,5.8,
The Devil's Advocate,1997,Taylor Hackford,Chinatown<br>Manhattan,40.71500487,-73.99886906,226,Film,Chinatown,7.5,
The Fisher King,1991,Terry Gilliam,Grand Central Station<br>87 E. 42nd St.<br>Manhattan,40.75270258,-73.97726655,170-171,Film,Midtown,7.6,
The French Connection,1971,William Friedkin,Bay 50th St. Station<br>Brooklyn,40.58860227,-73.9837575,84-85,Film,Brooklyn,7.8,
The Godfather Part II,1974,Francis Ford Coppola,E. 6th St. and Ave. A<br>East Village<br>Manhattan,40.72539684,-73.98378432,149,Film,East Village,9,
The Honeymooners,1955-1956,Frank Satenstein,358 Chauncy St.<br>Bensonhurst<br>Brooklyn,40.681501,-73.918753,254-255,TV,Brooklyn,8.6,
The Hours,2002,Stephen Daldry,W. 14th St. and Hudson St.<br>West Village<br>Manhattan,40.74059157,-74.00546193,243,Film,West Village,7.6,
The Interpreter,2005,Sydney Pollack,United Nations<br>First Ave. and E. 45th St.<br>Manhattan,40.75067069,-73.96795392,216-217,Film,Midtown,6.4,
The Landlord,1970,Hal Ashby,51 Prospect Pl.<br>Brooklyn,40.67962098,-73.9760381,172-173,Film,Brooklyn,7,
The Landlord,1970,Hal Ashby,51 Prospect Pl.<br>Brooklyn,40.679728,-73.975974,172-173,Film,Brooklyn,7,
The Late Show with David Letterman,1993-?,"Jerry Foley,Randi Grossack,(more)",Ed Sullivan Theatre<br>1697 Broadway<br>Manhattan,40.763719,-73.982833,264,TV,Midtown,7,
The Lost Weekend,1945,Billy Wilder,Third Ave. from E. 55th to 110th St.<br>Upper East Side to E. Harlem<br>Manhattan,40.759,-73.9685,32,Film,Upper East Side,6.9,
The Naked City,1948,Jules Dassin,Williamsburg Bridge<br>Brooklyn,40.71132094,-73.96457434,34,Film,Brooklyn,8.3,
The Night They Raided Minsky's ,1968,William Friedkin,"E. 26th St. near Second Ave.<br>Manhattan
",40.739701,-73.978935,148,Film,Midtown,6.1,
The Out-of-Towners,1970,Arthur Hiller,Central Park<br>Manhattan,40.78970474,-73.96065831,144,Film,Central Park,7.1,
The Panic in Needle Park,1971,Jerry Schatzberg,W. 72nd St. and Broadway<br>Upper West Side<br>Manhattan,40.7788,-73.9821,218-219,Film,Upper West Side,7.1,
The Pawnbroker,1965,Sidney Lumet,Park Ave. and E. 116th St.<br>Harlem<br>Manhattan,40.79935,-73.94325,50,Film,Harlem,7.8,
The Pickle ,1993,Paul Mazursky,Brighton Beach Boardwalk<br>Brooklyn,40.57488865,-73.96376431,,Film,Brooklyn,4.3,
The Pick-Up Artist,1984,James Toback,Columbus Ave. near W. 75th St.<br>Upper West Side<br>Manhattan,40.7794,-73.9774,222,Film,Upper West Side,6,
The Prisoner of Second Avenue,1975,Melvin Frank,Second Ave. and E. 87th St.<br>Upper East Side<br>Manhattan,40.7786,-73.9513,107,Film,Upper East Side,6,
The Producers,1968,Mel Brooks,East 80's<br>Upper East Side<br>Manhattan,40.77708049,-73.9539206,56,Film,Upper East Side,7.7,
The Producers,1968,Mel Brooks,Lincoln Center Plaza<br>Upper West Side<br>Manhattan,40.77234375,-73.98341954,56,Film,Upper West Side,7.7,
The Producers,2005,Susan Stroman,Lincoln Center Plaza<br>Upper West Side<br>Manhattan,40.77214875,-73.98319423,210,Film,Upper West Side,6.4,
The Professional,1994,Luc Besson,Manhattan,40.75421427,-73.96904826,202,Film,Midtown,8.6,
The Royal Tenenbaums,2001,Wes Anderson,Convent Ave. and 144th St.<br>Hamilton Heights<br>Manhattan,40.824,-73.9467,208,Film,Harlem,7.6,
The Seven Year Itch,1955,Billy Wilder,Lexington Ave. between 51st St. and 52nd St.<br>Midtown<br>Manhattan,40.75744885,-73.97163928,38-39,Film,Midtown,7.2,
The Siege,1998,Edward Zwick,Greenpoint<br>Brooklyn,40.73025075,-73.95436049,184,Film,Brooklyn,6.3,
The Sopranos,1999-2007,"David Chase,(more)","Empire Stores Park<br>Brooklyn Bridge
",40.704089,-73.993617,270-271,TV,Brooklyn,9.2,
The Squid and the Whale,2005,Noah Baumbach,Museum of Natural History<br>W. 79th St. and Central Park West<br>Manhattan,40.78099638,-73.97245467,213,Film,Upper West Side,7.4,
The Taking of Pelham One Two Three,1974,Joseph Sargent,Subway near Court St.<br>Brooklyn,40.69307721,-73.9907366,66,Film,Brooklyn,7.7,
The Warriors,1979,Walter Hill,Astroland<br>Coney Island <br>Brooklyn,40.57464417,-73.97885978,136,Film,Brooklyn,7.7,
The Warriors,1979,Walter Hill,Subway Car<br>Coney Island<br>Brooklyn,40.5757606,-73.98127377,136,Film,Brooklyn,7.7,
The Wiz,1978,Sidney Lumet,World Trade Center<br>Lower Manhattan,40.71092245,-74.01405036,88,Film,Lower Manhattan,5.3,
The Wrong Man,1956,Alfred Hitchcock,Subway at 53rd St. and Fifth Ave.<br>Midtown<br>Manhattan,40.76050449,-73.97546411,42,Film,Midtown,7.5,
Three Days of the Condor,1975,Sydney Pollack,Riverside Drive<br>Upper West Side<br>Manhattan,40.81431267,-73.96185994,62,Film,Harlem,7.5,
Times Square,1980,Allan Moyle,W. 42nd St. between Seventh Ave. and Eighth Ave.<br>Times Square<br>Manhattan,40.75668492,-73.98842454,236,Film,Times Square,6.7,
Tootsie,1982,Sydney Pollack,W. 42nd between Ninth Ave. and Tenth Ave.<br>Midtown<br>Manhattan,40.75918798,-73.99477601,237,Film,Midtown,7.4,
Two for the Seesaw,1962,"Robert Wise
",Brooklyn Bridge,40.705693,-73.99630487,,Film,Lower Manhattan,6.8,
Up the Down Staircase,1967,Robert Mulligan,East Harlem (El Barrio)<br>Manhattan,40.79792464,-73.94221544,240,Film,Harlem,7.6,
Up the Sandbox,1972,Irvin Kershner,Carousel<br>Central Park<br>Manhattan,40.77056434,-73.97752404,143,Film,Central Park,6.7,
Up the Sandbox,1972,Irvin Kershner,Riverside Park near W. 109th St.<br>Morningside Heights<br>Manhattan,40.805169,-73.96920919,221,Film,Morningside Heights,6.7,
Uptown Girls,2003,Boaz Yakin,Astroland<br>Coney Island <br>Brooklyn,40.57402483,-73.97888124,138-139,Film,Brooklyn,6.1,
Vanilla Sky,2001,Cameron Crowe,W. 45th St. and Seventh Ave.<br>Times Square<br>Manhattan,40.75787145,-73.98539901,185,Film,Times Square,6.9,
Wall Street,1987,Oliver Stone,New York Stock Exchange<br>Exchange Place<br>Lower Manhattan,40.70605086,-74.01056349,169,Film,Lower Manhattan,7.4,
Wall Street,1987,Oliver Stone,Broadway and Vesey St.,40.7114,-74.0086,164,Film,Lower Manhattan,7.4,
West Side Story,1961,"Robert Wise,Jerome Robbins",W. 68th St.<br>Upper West Side<br>Manhattan,40.77621929,-73.98391843,46-47,Film,Upper West Side,7.6,
West Side Story,1961,"Robert Wise,Jerome Robbins",W. 68th St.<br>Upper West Side<br>Manhattan,40.77651178,-73.98512006,46-47,Film,Upper West Side,7.6,
When Harry Met Sally?,1989,Rob Reiner,Katz's Deli<br>205 E. Houston St.<br>Manhattan,40.722322,-73.987433,166-167,Film,Lower East Side,7.6,
When Harry Met Sally?,1989,Rob Reiner,Washington Square Park<br>West Village<br>Manhattan,40.73113694,-73.99718463,79,Film,West Village,7.6,
Wolfen,1981,Michael Wadleigh,World Trade Center<br>Lower Manhattan,40.71013359,-74.01267707,189,Film,Lower Manhattan,6.3,
Wolfen,1981,Michael Wadleigh,Manhattan Bridge,40.70823052,-73.99117649,189,Film,Lower Manhattan,6.3,
Wolfen,1981,Michael Wadleigh,Charlotte St.<br>The Bronx,40.83478796,-73.89212251,127,Film,The Bronx,6.3,
Working Girl,1988,Mike Nichols,Staten Island Ferry<br>New York Harbor,40.68233035,-74.03574944,165,Film,Staten Island,6.7,
You're a Big Boy Now,1966,Francis Ford Coppola,Steeplechase Park<br>Coney Island<br>Brooklyn,40.57472566,-73.98032963,68,Film,Brooklyn,6.2,
You're a Big Boy Now,1966,Francis Ford Coppola,"New York Public Library<br>Fifth Ave. and 41st St.<br>Manhattan
",40.75286513,-73.98153663,71,Film,Midtown,6.2,
You've Got Mail,1998,Nora Ephron,Verdi Square<br>W. 73rd St.  & Broadway<br>Manhattan,40.77925782,-73.98153663,223,Film,Upper West Side,6.6,
You've Got Mail,1998,Nora Ephron,91st Street Community Garden<br>Riverside Park<br>Manhattan,40.79282387,-73.97741675,206,Film,Upper West Side,6.6,
